Run at Mon Jun 23 04:20:53 UTC 2025
Run at Tue Jun 24 04:16:58 UTC 2025
Run at Wed Jun 25 04:17:38 UTC 2025
Run at Thu Jun 26 04:15:46 UTC 2025
Run at Fri Jun 27 04:16:05 UTC 2025
Run at Sat Jun 28 04:01:20 UTC 2025
Run at Sun Jun 29 04:21:02 UTC 2025
Run at Mon Jun 30 04:20:21 UTC 2025
Run at Tue Jul  1 04:25:12 UTC 2025
Run at Wed Jul  2 04:17:05 UTC 2025
Run at Thu Jul  3 04:19:08 UTC 2025
Run at Fri Jul  4 04:16:42 UTC 2025
Run at Sat Jul  5 04:02:28 UTC 2025
Run at Sun Jul  6 04:20:14 UTC 2025
Run at Mon Jul  7 04:20:55 UTC 2025
Run at Tue Jul  8 04:17:24 UTC 2025
Run at Wed Jul  9 04:21:00 UTC 2025
Run at Thu Jul 10 04:19:18 UTC 2025
Run at Fri Jul 11 04:23:20 UTC 2025
Run at Sat Jul 12 04:18:27 UTC 2025
Run at Sun Jul 13 04:24:33 UTC 2025
Run at Mon Jul 14 04:28:58 UTC 2025
Run at Tue Jul 15 04:26:08 UTC 2025
Run at Wed Jul 16 04:24:44 UTC 2025
Run at Thu Jul 17 04:24:02 UTC 2025
Run at Fri Jul 18 04:25:52 UTC 2025
Run at Sat Jul 19 04:18:07 UTC 2025
Run at Sun Jul 20 04:31:09 UTC 2025
Run at Mon Jul 21 04:31:32 UTC 2025
Run at Tue Jul 22 04:25:35 UTC 2025
Run at Wed Jul 23 04:27:18 UTC 2025
Run at Thu Jul 24 04:26:06 UTC 2025
Run at Fri Jul 25 04:25:44 UTC 2025
Run at Sat Jul 26 04:21:46 UTC 2025
Run at Sun Jul 27 04:32:43 UTC 2025
Run at Mon Jul 28 04:33:54 UTC 2025
Run at Tue Jul 29 04:36:01 UTC 2025
Run at Wed Jul 30 04:31:18 UTC 2025
Run at Thu Jul 31 04:29:45 UTC 2025
Run at Fri Aug  1 04:41:48 UTC 2025
Run at Sat Aug  2 04:21:24 UTC 2025
Run at Sun Aug  3 04:36:39 UTC 2025
Run at Mon Aug  4 04:44:55 UTC 2025
Run at Tue Aug  5 04:36:18 UTC 2025
Run at Wed Aug  6 04:33:09 UTC 2025
Run at Thu Aug  7 04:32:47 UTC 2025
Run at Fri Aug  8 04:32:14 UTC 2025
Run at Sat Aug  9 04:16:10 UTC 2025
Run at Sun Aug 10 04:28:52 UTC 2025
Run at Mon Aug 11 04:31:24 UTC 2025
Run at Tue Aug 12 04:14:55 UTC 2025
Run at Wed Aug 13 04:17:19 UTC 2025
Run at Thu Aug 14 04:17:25 UTC 2025
Run at Fri Aug 15 04:17:34 UTC 2025
Run at Sat Aug 16 04:02:11 UTC 2025
Run at Sun Aug 17 04:19:11 UTC 2025
Run at Mon Aug 18 04:25:55 UTC 2025
Run at Tue Aug 19 03:59:21 UTC 2025
Run at Wed Aug 20 03:58:36 UTC 2025
Run at Thu Aug 21 03:58:17 UTC 2025
Run at Fri Aug 22 03:58:11 UTC 2025
Run at Sat Aug 23 03:55:00 UTC 2025
Run at Sun Aug 24 04:03:48 UTC 2025
Run at Mon Aug 25 04:03:20 UTC 2025
Run at Tue Aug 26 03:59:28 UTC 2025
Run at Wed Aug 27 03:55:06 UTC 2025
Run at Thu Aug 28 03:55:04 UTC 2025
Run at Fri Aug 29 03:54:28 UTC 2025
Run at Sat Aug 30 03:52:13 UTC 2025
Run at Sun Aug 31 03:55:25 UTC 2025
Run at Mon Sep  1 04:16:29 UTC 2025
Run at Tue Sep  2 03:57:01 UTC 2025
Run at Wed Sep  3 03:52:06 UTC 2025
Run at Thu Sep  4 03:52:11 UTC 2025
Run at Fri Sep  5 03:53:05 UTC 2025
Run at Sat Sep  6 03:52:02 UTC 2025
Run at Sun Sep  7 03:53:09 UTC 2025
Run at Mon Sep  8 03:57:02 UTC 2025
Run at Tue Sep  9 03:53:54 UTC 2025
Run at Wed Sep 10 03:51:51 UTC 2025
Run at Thu Sep 11 03:53:51 UTC 2025
Run at Fri Sep 12 03:52:02 UTC 2025
Run at Sat Sep 13 03:52:08 UTC 2025
Run at Sun Sep 14 03:53:04 UTC 2025
Run at Mon Sep 15 03:56:59 UTC 2025
Run at Tue Sep 16 03:52:09 UTC 2025
Run at Wed Sep 17 03:51:48 UTC 2025
Run at Thu Sep 18 03:52:57 UTC 2025
Run at Fri Sep 19 03:53:30 UTC 2025
Run at Sat Sep 20 03:51:53 UTC 2025
Run at Sun Sep 21 03:55:48 UTC 2025
Run at Mon Sep 22 03:56:32 UTC 2025
Run at Tue Sep 23 03:52:53 UTC 2025
Run at Wed Sep 24 03:53:38 UTC 2025
Run at Thu Sep 25 03:54:25 UTC 2025
Run at Fri Sep 26 03:53:19 UTC 2025
Run at Sat Sep 27 03:52:11 UTC 2025
Run at Sun Sep 28 03:55:34 UTC 2025
Run at Mon Sep 29 03:55:44 UTC 2025
Run at Tue Sep 30 03:53:07 UTC 2025
Run at Wed Oct  1 03:58:08 UTC 2025
Run at Thu Oct  2 03:51:42 UTC 2025
Run at Fri Oct  3 03:52:15 UTC 2025
Run at Sat Oct  4 03:52:04 UTC 2025
Run at Sun Oct  5 03:53:10 UTC 2025
Run at Mon Oct  6 03:53:20 UTC 2025
Run at Tue Oct  7 03:53:07 UTC 2025
Run at Wed Oct  8 03:53:03 UTC 2025
Run at Thu Oct  9 03:53:52 UTC 2025
Run at Fri Oct 10 03:53:54 UTC 2025
Run at Sat Oct 11 03:51:39 UTC 2025
Run at Sun Oct 12 03:52:56 UTC 2025
Run at Mon Oct 13 03:58:28 UTC 2025
Run at Tue Oct 14 03:53:33 UTC 2025
Run at Wed Oct 15 03:55:27 UTC 2025
Run at Thu Oct 16 03:55:44 UTC 2025
Run at Fri Oct 17 03:54:06 UTC 2025
Run at Sat Oct 18 03:51:58 UTC 2025
Run at Sun Oct 19 04:01:06 UTC 2025
Run at Mon Oct 20 04:03:12 UTC 2025
Run at Tue Oct 21 03:55:39 UTC 2025
Run at Wed Oct 22 03:59:26 UTC 2025
Run at Thu Oct 23 03:55:15 UTC 2025
Run at Fri Oct 24 03:53:40 UTC 2025
Run at Sat Oct 25 03:54:47 UTC 2025
Run at Sun Oct 26 03:57:36 UTC 2025
Run at Mon Oct 27 04:16:25 UTC 2025
Run at Tue Oct 28 03:58:06 UTC 2025
Run at Wed Oct 29 04:02:59 UTC 2025
Run at Thu Oct 30 03:58:32 UTC 2025
Run at Fri Oct 31 03:59:42 UTC 2025
Run at Sat Nov  1 03:57:54 UTC 2025
Run at Sun Nov  2 04:01:18 UTC 2025
Run at Mon Nov  3 04:15:17 UTC 2025
Run at Tue Nov  4 03:58:11 UTC 2025
Run at Wed Nov  5 03:59:50 UTC 2025
Run at Thu Nov  6 04:02:56 UTC 2025
Run at Fri Nov  7 03:59:13 UTC 2025
Run at Sat Nov  8 03:54:49 UTC 2025
Run at Sun Nov  9 03:59:29 UTC 2025
Run at Mon Nov 10 04:04:33 UTC 2025
Run at Tue Nov 11 04:01:44 UTC 2025
Run at Wed Nov 12 04:00:26 UTC 2025
Run at Thu Nov 13 04:02:51 UTC 2025
Run at Fri Nov 14 04:01:09 UTC 2025
Run at Sat Nov 15 03:56:20 UTC 2025
Run at Sun Nov 16 04:03:44 UTC 2025
Run at Mon Nov 17 04:03:22 UTC 2025
Run at Tue Nov 18 04:00:12 UTC 2025
Run at Wed Nov 19 04:00:06 UTC 2025
Run at Thu Nov 20 03:59:15 UTC 2025
Run at Fri Nov 21 03:59:15 UTC 2025
Run at Sat Nov 22 03:55:26 UTC 2025
Run at Sun Nov 23 04:20:03 UTC 2025
Run at Mon Nov 24 04:20:20 UTC 2025
Run at Tue Nov 25 04:03:08 UTC 2025
Run at Wed Nov 26 04:02:52 UTC 2025
Run at Thu Nov 27 04:00:16 UTC 2025
Run at Fri Nov 28 04:00:11 UTC 2025
Run at Sat Nov 29 03:59:39 UTC 2025
Run at Sun Nov 30 04:20:41 UTC 2025
Run at Mon Dec  1 04:38:15 UTC 2025
Run at Tue Dec  2 04:16:57 UTC 2025
Run at Wed Dec  3 04:15:18 UTC 2025
Run at Thu Dec  4 04:16:54 UTC 2025
Run at Fri Dec  5 04:16:19 UTC 2025
Run at Sat Dec  6 03:58:20 UTC 2025
Run at Sun Dec  7 04:20:27 UTC 2025
Run at Mon Dec  8 04:19:34 UTC 2025
Run at Tue Dec  9 04:15:24 UTC 2025
Run at Wed Dec 10 04:19:13 UTC 2025
Run at Thu Dec 11 04:21:30 UTC 2025
Run at Fri Dec 12 04:19:54 UTC 2025
Run at Sat Dec 13 04:03:05 UTC 2025
Run at Sun Dec 14 04:23:41 UTC 2025
Run at Mon Dec 15 04:28:32 UTC 2025
Run at Tue Dec 16 04:21:31 UTC 2025
Run at Wed Dec 17 04:20:00 UTC 2025
Run at Thu Dec 18 04:20:05 UTC 2025
Run at Fri Dec 19 04:20:40 UTC 2025
Run at Sat Dec 20 04:03:30 UTC 2025
Run at Sun Dec 21 04:24:23 UTC 2025
Run at Mon Dec 22 04:28:41 UTC 2025
Run at Tue Dec 23 04:24:03 UTC 2025
Run at Wed Dec 24 04:21:51 UTC 2025
Run at Thu Dec 25 04:24:03 UTC 2025
Run at Fri Dec 26 04:20:48 UTC 2025
Run at Sat Dec 27 04:18:16 UTC 2025
Run at Sun Dec 28 04:33:56 UTC 2025
Run at Mon Dec 29 04:37:59 UTC 2025
Run at Tue Dec 30 04:25:42 UTC 2025
Run at Wed Dec 31 04:25:00 UTC 2025
Run at Thu Jan  1 04:36:58 UTC 2026
Run at Fri Jan  2 04:28:14 UTC 2026
Run at Sat Jan  3 04:18:21 UTC 2026
Run at Sun Jan  4 04:37:26 UTC 2026
Run at Mon Jan  5 04:45:13 UTC 2026
Run at Tue Jan  6 04:26:55 UTC 2026
Run at Wed Jan  7 04:27:55 UTC 2026
Run at Thu Jan  8 04:26:29 UTC 2026
Run at Fri Jan  9 04:27:33 UTC 2026
Run at Sat Jan 10 04:19:42 UTC 2026
Run at Sun Jan 11 04:36:36 UTC 2026
Run at Mon Jan 12 04:38:53 UTC 2026
Run at Tue Jan 13 04:27:28 UTC 2026
Run at Wed Jan 14 04:36:42 UTC 2026
Run at Thu Jan 15 04:28:54 UTC 2026
Run at Fri Jan 16 04:27:29 UTC 2026
Run at Sat Jan 17 04:18:53 UTC 2026
Run at Sun Jan 18 04:31:11 UTC 2026
Run at Mon Jan 19 04:40:42 UTC 2026
Run at Tue Jan 20 04:33:48 UTC 2026
Run at Wed Jan 21 04:33:26 UTC 2026
Run at Thu Jan 22 04:36:47 UTC 2026
Run at Fri Jan 23 04:31:02 UTC 2026
Run at Sat Jan 24 04:21:48 UTC 2026
Run at Sun Jan 25 04:40:51 UTC 2026
Run at Mon Jan 26 04:43:57 UTC 2026
Run at Tue Jan 27 04:36:00 UTC 2026
Run at Wed Jan 28 04:33:56 UTC 2026
Run at Thu Jan 29 04:58:16 UTC 2026
Run at Fri Jan 30 05:00:26 UTC 2026
Run at Sat Jan 31 04:51:55 UTC 2026
Run at Sun Feb  1 05:15:24 UTC 2026
Run at Mon Feb  2 05:15:07 UTC 2026
Run at Tue Feb  3 05:06:53 UTC 2026
Run at Wed Feb  4 05:01:41 UTC 2026
Run at Thu Feb  5 05:08:00 UTC 2026
Run at Fri Feb  6 05:06:53 UTC 2026
Run at Sat Feb  7 04:57:29 UTC 2026
Run at Sun Feb  8 05:17:10 UTC 2026
Run at Mon Feb  9 05:20:40 UTC 2026
Run at Tue Feb 10 05:21:10 UTC 2026
Run at Wed Feb 11 05:19:44 UTC 2026
Run at Thu Feb 12 05:17:04 UTC 2026
Run at Fri Feb 13 05:12:32 UTC 2026
Run at Sat Feb 14 05:01:12 UTC 2026
Run at Sun Feb 15 05:11:11 UTC 2026
Run at Mon Feb 16 05:19:26 UTC 2026
Run at Tue Feb 17 05:12:34 UTC 2026
Run at Wed Feb 18 05:13:55 UTC 2026
Run at Thu Feb 19 05:12:40 UTC 2026
Run at Fri Feb 20 05:07:51 UTC 2026
Run at Sat Feb 21 04:56:28 UTC 2026
